,Symbol,Name,Symbol Only,Name Only
0,BTC-USD,Bitcoin USD,BTC,BITCOIN
1,ETH-USD,Ethereum USD,ETH,ETHEREUM
2,USDT-USD,Tether USD,USDT,TETHER
3,BNB-USD,BinanceCoin USD,BNB,BINANCECOIN
4,ADA-USD,Cardano USD,ADA,CARDANO
5,XRP-USD,XRP USD,XRP,XRP
6,DOGE-USD,Dogecoin USD,DOGE,DOGECOIN
7,USDC-USD,USDCoin USD,USDC,USDCOIN
8,HEX-USD,HEX USD,HEX,HEX
9,DOT1-USD,Polkadot USD,DOT1,POLKADOT
10,UNI3-USD,Uniswap USD,UNI3,UNISWAP
11,BCH-USD,BitcoinCash USD,BCH,BITCOINCASH
12,LTC-USD,Litecoin USD,LTC,LITECOIN
13,SOL1-USD,Solana USD,SOL1,SOLANA
14,LINK-USD,Chainlink USD,LINK,CHAINLINK
15,MATIC-USD,MaticNetwork USD,MATIC,MATICNETWORK
16,ETC-USD,EthereumClassic USD,ETC,ETHEREUMCLASSIC
17,ICP1-USD,InternetComputer USD,ICP1,INTERNETCOMPUTER
18,THETA-USD,THETA USD,THETA,THETA
19,XLM-USD,Stellar USD,XLM,STELLAR
20,VET-USD,VeChain USD,VET,VECHAIN
21,FIL-USD,FilecoinFutures USD,FIL,FILECOINFUTURES
22,TRX-USD,TRON USD,TRX,TRON
23,XMR-USD,Monero USD,XMR,MONERO
24,AAVE-USD,Aave USD,AAVE,AAVE
25,EOS-USD,EOS USD,EOS,EOS
26,SHIB-USD,SHIBAINU USD,SHIB,SHIBAINU
27,ATOM1-USD,Cosmos USD,ATOM1,COSMOS
28,CRO-USD,CryptocomCoin USD,CRO,CRYPTOCOMCOIN
29,MKR-USD,Maker USD,MKR,MAKER
30,ALGO-USD,Algorand USD,ALGO,ALGORAND
31,BSV-USD,BitcoinSV USD,BSV,BITCOINSV
32,COMP-USD,Compound USD,COMP,COMPOUND
33,NEO-USD,NEO USD,NEO,NEO
34,LUNA1-USD,Terra USD,LUNA1,TERRA
35,XTZ-USD,Tezos USD,XTZ,TEZOS
36,MIOTA-USD,IOTA USD,MIOTA,IOTA
37,AMP1-USD,Amp USD,AMP1,AMP
38,GRT2-USD,TheGraph USD,GRT2,THEGRAPH
39,AVAX-USD,Avalanche USD,AVAX,AVALANCHE
40,TFUEL-USD,ThetaFuel USD,TFUEL,THETAFUEL
41,DCR-USD,Decred USD,DCR,DECRED
42,CCXX-USD,CounosX USD,CCXX,COUNOSX
43,EGLD-USD,Elrond USD,EGLD,ELROND
44,BTT1-USD,BitTorrent USD,BTT1,BITTORRENT
45,KSM-USD,Kusama USD,KSM,KUSAMA
46,WAVES-USD,Waves USD,WAVES,WAVES
47,HBAR-USD,HederaHashgraph USD,HBAR,HEDERAHASHGRAPH
48,CEL-USD,Celsius USD,CEL,CELSIUS
49,TUSD-USD,TrueUSD USD,TUSD,TRUEUSD
50,CTC1-USD,Creditcoin USD,CTC1,CREDITCOIN
51,RUNE-USD,THORChain USD,RUNE,THORCHAIN
52,CHZ-USD,Chiliz USD,CHZ,CHILIZ
53,ZEC-USD,Zcash USD,ZEC,ZCASH
54,DASH-USD,Dash USD,DASH,DASH
55,SNX-USD,SynthetixNetworkToken USD,SNX,SYNTHETIXNETWORKTOKEN
56,XDC-USD,XinFinNetwork USD,XDC,XINFINNETWORK
57,YFI-USD,yearnfinance USD,YFI,YEARNFINANCE
58,XEM-USD,NEM USD,XEM,NEM
59,HNT1-USD,Helium USD,HNT1,HELIUM
60,HOT1-USD,Holo USD,HOT1,HOLO
61,SUSHI-USD,Sushi USD,SUSHI,SUSHI
62,QNT-USD,Quant USD,QNT,QUANT
63,STX1-USD,Stacks USD,STX1,STACKS
64,MANA-USD,Decentraland USD,MANA,DECENTRALAND
65,ENJ-USD,EnjinCoin USD,ENJ,ENJINCOIN
66,ZIL-USD,Zilliqa USD,ZIL,ZILLIQA
67,BAT-USD,BasicAttentionToken USD,BAT,BASICATTENTIONTOKEN
68,CELO-USD,Celo USD,CELO,CELO
69,BTG-USD,BitcoinGold USD,BTG,BITCOINGOLD
70,BNT-USD,Bancor USD,BNT,BANCOR
71,ZEN-USD,Horizen USD,ZEN,HORIZEN
72,QTUM-USD,Qtum USD,QTUM,QTUM
73,CRV-USD,CurveDAOToken USD,CRV,CURVEDAOTOKEN
74,XWC-USD,WhiteCoin USD,XWC,WHITECOIN
75,DFI-USD,DeFiChain USD,DFI,DEFICHAIN
76,ONE2-USD,Harmony USD,ONE2,HARMONY
77,SC-USD,Siacoin USD,SC,SIACOIN
78,DGB-USD,DigiByte USD,DGB,DIGIBYTE
79,OMG-USD,OmiseGO USD,OMG,OMISEGO
80,ONT-USD,Ontology USD,ONT,ONTOLOGY
81,NANO-USD,Nano USD,NANO,NANO
82,ZRX-USD,0x USD,ZRX,0X
83,UMA-USD,UMA USD,UMA,UMA
84,ICX-USD,ICON USD,ICX,ICON
85,ANKR-USD,Ankr USD,ANKR,ANKR
86,VGX-USD,VoyagerToken USD,VGX,VOYAGERTOKEN
87,RVN-USD,Ravencoin USD,RVN,RAVENCOIN
88,ARRR-USD,PirateChain USD,ARRR,PIRATECHAIN
89,IOST-USD,IOST USD,IOST,IOST
90,BCD-USD,BitcoinDiamond USD,BCD,BITCOINDIAMOND
91,XVG-USD,Verge USD,XVG,VERGE
92,AR-USD,Arweave USD,AR,ARWEAVE
93,LSK-USD,Lisk USD,LSK,LISK
94,KAVA-USD,Kava USD,KAVA,KAVA
95,RSR-USD,ReserveRights USD,RSR,RESERVERIGHTS
96,CKB-USD,NervosNetwork USD,CKB,NERVOSNETWORK
97,KNC-USD,KyberNetwork USD,KNC,KYBERNETWORK
98,GLM-USD,Golem USD,GLM,GOLEM
99,MAID-USD,MaidSafeCoin USD,MAID,MAIDSAFECOIN
0,LRC-USD,Loopring USD,LRC,LOOPRING
1,MIR1-USD,MirrorProtocol USD,MIR1,MIRRORPROTOCOL
2,GNO-USD,Gnosis USD,GNO,GNOSIS
3,BCN-USD,Bytecoin USD,BCN,BYTECOIN
4,HNC-USD,Helleniccoin USD,HNC,HELLENICCOIN
5,STORJ-USD,Storj USD,STORJ,STORJ
6,SNT-USD,Status USD,SNT,STATUS
7,VTHO-USD,VeThorToken USD,VTHO,VETHORTOKEN
8,ERG-USD,Ergo USD,ERG,ERGO
9,STRAX-USD,Stratis USD,STRAX,STRATIS
10,RLC-USD,iExecRLC USD,RLC,IEXECRLC
11,WAXP-USD,WAX USD,WAXP,WAX
12,BAND-USD,BandProtocol USD,BAND,BANDPROTOCOL
13,FET-USD,Fetch USD,FET,FETCH
14,CVC-USD,Civic USD,CVC,CIVIC
15,SAND-USD,TheSandbox USD,SAND,THESANDBOX
16,MLN-USD,Melon USD,MLN,MELON
17,IOTX-USD,IoTeX USD,IOTX,IOTEX
18,OXT-USD,Orchid USD,OXT,ORCHID
19,REP-USD,Augur USD,REP,AUGUR
20,ARDR-USD,Ardor USD,ARDR,ARDOR
21,BAL-USD,Balancer USD,BAL,BALANCER
22,FUN-USD,FunFair USD,FUN,FUNFAIR
23,MCO-USD,MCO USD,MCO,MCO
24,SRM-USD,Serum USD,SRM,SERUM
25,EWT-USD,EnergyWebToken USD,EWT,ENERGYWEBTOKEN
26,NU-USD,NuCypher USD,NU,NUCYPHER
27,TOMO-USD,TomoChain USD,TOMO,TOMOCHAIN
28,META-USD,Metadium USD,META,METADIUM
29,MED-USD,MediBlocQRC20 USD,MED,MEDIBLOCQRC20
30,ABBC-USD,ABBCCoin USD,ABBC,ABBCCOIN
31,PHA-USD,PhalaNetwork USD,PHA,PHALANETWORK
32,STEEM-USD,Steem USD,STEEM,STEEM
33,NKN-USD,NKN USD,NKN,NKN
34,ANT-USD,Aragon USD,ANT,ARAGON
35,ARK-USD,Ark USD,ARK,ARK
36,DAG-USD,Constellation USD,DAG,CONSTELLATION
37,HIVE-USD,Hive USD,HIVE,HIVE
38,SAPP-USD,Sapphire USD,SAPP,SAPPHIRE
39,BTS-USD,BitShares USD,BTS,BITSHARES
40,MTL-USD,Metal USD,MTL,METAL
41,ETN-USD,Electroneum USD,ETN,ELECTRONEUM
42,WAN-USD,Wanchain USD,WAN,WANCHAIN
43,DIVI-USD,Divi USD,DIVI,DIVI
44,AVA-USD,Travalacom USD,AVA,TRAVALACOM
45,PPT-USD,Populous USD,PPT,POPULOUS
46,VLX-USD,Velas USD,VLX,VELAS
47,PAC-USD,PACGlobal USD,PAC,PACGLOBAL
48,COTI-USD,COTI USD,COTI,COTI
49,XNC-USD,XeniosCoin USD,XNC,XENIOSCOIN
50,BTM-USD,Bytom USD,BTM,BYTOM
51,MONA-USD,MonaCoin USD,MONA,MONACOIN
52,IRIS-USD,IRISnet USD,IRIS,IRISNET
53,WOZX-USD,EFFORCE USD,WOZX,EFFORCE
54,HNS-USD,Handshake USD,HNS,HANDSHAKE
55,TWT-USD,TrustWalletToken USD,TWT,TRUSTWALLETTOKEN
56,NYE-USD,NewYorkExchange USD,NYE,NEWYORKEXCHANGE
57,DERO-USD,Dero USD,DERO,DERO
58,REV-USD,RChain USD,REV,RCHAIN
59,DNT-USD,district0x USD,DNT,DISTRICT0X
60,KMD-USD,Komodo USD,KMD,KOMODO
61,SYS-USD,Syscoin USD,SYS,SYSCOIN
62,SERO-USD,SuperZero USD,SERO,SUPERZERO
63,RBTC-USD,RSKSmartBitcoin USD,RBTC,RSKSMARTBITCOIN
64,KIN-USD,Kin USD,KIN,KIN
65,DMCH-USD,DARMACash USD,DMCH,DARMACASH
66,NRG-USD,Energi USD,NRG,ENERGI
67,TT-USD,ThunderToken USD,TT,THUNDERTOKEN
68,AION-USD,Aion USD,AION,AION
69,GAS-USD,Gas USD,GAS,GAS
70,FIRO-USD,Firo USD,FIRO,FIRO
71,SNM-USD,SONM USD,SNM,SONM
72,GRS-USD,Groestlcoin USD,GRS,GROESTLCOIN
73,RDD-USD,ReddCoin USD,RDD,REDDCOIN
74,MWC-USD,MimbleWimbleCoin USD,MWC,MIMBLEWIMBLECOIN
75,ATRI-USD,AtariToken USD,ATRI,ATARITOKEN
76,FIO-USD,FIOProtocol USD,FIO,FIOPROTOCOL
77,VERI-USD,Veritaseum USD,VERI,VERITASEUM
78,XHV-USD,HavenProtocol USD,XHV,HAVENPROTOCOL
79,AXEL-USD,AXEL USD,AXEL,AXEL
80,CRU-USD,Crust USD,CRU,CRUST
81,NIM-USD,Nimiq USD,NIM,NIMIQ
82,VRA-USD,Verasity USD,VRA,VERASITY
83,KDA-USD,Kadena USD,KDA,KADENA
84,SBD-USD,SteemDollars USD,SBD,STEEMDOLLARS
85,ZNN-USD,Zenon USD,ZNN,ZENON
86,WTC-USD,Waltonchain USD,WTC,WALTONCHAIN
87,VSYS-USD,VSystems USD,VSYS,VSYSTEMS
88,LOKI-USD,Loki USD,LOKI,LOKI
89,KRT-USD,TerraKRW USD,KRT,TERRAKRW
90,ELA-USD,Elastos USD,ELA,ELASTOS
91,APL-USD,ApolloCurrency USD,APL,APOLLOCURRENCY
92,CET-USD,CoinExToken USD,CET,COINEXTOKEN
93,BURST-USD,Burst USD,BURST,BURST
94,ADX-USD,AdEx USD,ADX,ADEX
95,BEAM-USD,Beam USD,BEAM,BEAM
96,DGD-USD,DigixDAO USD,DGD,DIGIXDAO
97,NULS-USD,NULS USD,NULS,NULS
98,WICC-USD,WaykiChain USD,WICC,WAYKICHAIN
99,PIVX-USD,PIVX USD,PIVX,PIVX
0,PCX-USD,ChainX USD,PCX,CHAINX
1,SRK-USD,Sparkpoint USD,SRK,SPARKPOINT
2,VTC-USD,Vertcoin USD,VTC,VERTCOIN
3,NXS-USD,Nexus USD,NXS,NEXUS
4,AE-USD,Aeternity USD,AE,AETERNITY
5,GXC-USD,GXChain USD,GXC,GXCHAIN
6,HC-USD,HyperCash USD,HC,HYPERCASH
7,PLC-USD,PLATINCOIN USD,PLC,PLATINCOIN
8,MHC-USD,MetaHash USD,MHC,METAHASH
9,MASS-USD,Massnet USD,MASS,MASSNET
10,PZM-USD,PRIZM USD,PZM,PRIZM
11,FSN-USD,Fusion USD,FSN,FUSION
12,QASH-USD,QASH USD,QASH,QASH
13,PAI-USD,ProjectPai USD,PAI,PROJECTPAI
14,CTXC-USD,Cortex USD,CTXC,CORTEX
15,PPC-USD,Peercoin USD,PPC,PEERCOIN
16,MARO-USD,Maro USD,MARO,MARO
17,BEPRO-USD,BetProtocol USD,BEPRO,BETPROTOCOL
18,VITE-USD,VITE USD,VITE,VITE
19,NAV-USD,NavCoin USD,NAV,NAVCOIN
20,ZANO-USD,Zano USD,ZANO,ZANO
21,CUT-USD,CUTcoin USD,CUT,CUTCOIN
22,ADK-USD,AidosKuneen USD,ADK,AIDOSKUNEEN
23,BIP-USD,MinterNetwork USD,BIP,MINTERNETWORK
24,ZEL-USD,ZelCash USD,ZEL,ZELCASH
25,SOLVE-USD,SOLVE USD,SOLVE,SOLVE
26,NMC-USD,Namecoin USD,NMC,NAMECOIN
27,GO-USD,GoChain USD,GO,GOCHAIN
28,XSN-USD,Stakenet USD,XSN,STAKENET
29,NAS-USD,Nebulas USD,NAS,NEBULAS
30,GRIN-USD,Grin USD,GRIN,GRIN
31,SKY-USD,Skycoin USD,SKY,SKYCOIN
32,NEBL-USD,Neblio USD,NEBL,NEBLIO
33,QRL-USD,QuantumResistantLedger USD,QRL,QUANTUMRESISTANTLEDGER
34,GAME-USD,GameCredits USD,GAME,GAMECREDITS
35,WABI-USD,Tael USD,WABI,TAEL
36,GBYTE-USD,Obyte USD,GBYTE,OBYTE
37,FCT-USD,Factom USD,FCT,FACTOM
38,SALT-USD,SALT USD,SALT,SALT
39,NLG-USD,Gulden USD,NLG,GULDEN
40,NXT-USD,Nxt USD,NXT,NXT
41,PART-USD,Particl USD,PART,PARTICL
42,DNA1-USD,MetaverseDualchainNetworkArchitecture USD,DNA1,METAVERSEDUALCHAINNETWORKARCHITECTURE
43,ETP-USD,MetaverseETP USD,ETP,METAVERSEETP
44,RSTR-USD,Ondori USD,RSTR,ONDORI
45,DCN-USD,Dentacoin USD,DCN,DENTACOIN
46,XDN-USD,DigitalNote USD,XDN,DIGITALNOTE
47,VAL1-USD,Validity USD,VAL1,VALIDITY
48,LBC-USD,LBRYCredits USD,LBC,LBRYCREDITS
49,LCC-USD,LitecoinCash USD,LCC,LITECOINCASH
50,MRX-USD,MetrixCoin USD,MRX,METRIXCOIN
51,BHP-USD,BHPCoin USD,BHP,BHPCOIN
52,BHD-USD,BitcoinHD USD,BHD,BITCOINHD
53,PAY-USD,TenX USD,PAY,TENX
54,NVT-USD,NerveNetwork USD,NVT,NERVENETWORK
55,TRUE-USD,TrueChain USD,TRUE,TRUECHAIN
56,VIA-USD,Viacoin USD,VIA,VIACOIN
57,AEON-USD,Aeon USD,AEON,AEON
58,TRTL-USD,TurtleCoin USD,TRTL,TURTLECOIN
59,UBQ-USD,Ubiq USD,UBQ,UBIQ
60,DYN-USD,Dynamic USD,DYN,DYNAMIC
61,BLOCK-USD,Blocknet USD,BLOCK,BLOCKNET
62,CMT1-USD,CyberMiles USD,CMT1,CYBERMILES
63,HPB-USD,HighPerformanceBlockchain USD,HPB,HIGHPERFORMANCEBLOCKCHAIN
64,ACT-USD,Achain USD,ACT,ACHAIN
65,ZYN-USD,Zynecoin USD,ZYN,ZYNECOIN
66,PMEER-USD,Pmeer USD,PMEER,PMEER
67,GHOST1-USD,GHOST USD,GHOST1,GHOST
68,SMART-USD,SmartCash USD,SMART,SMARTCASH
69,HTML-USD,HTMLCOIN USD,HTML,HTMLCOIN
70,DMD-USD,Diamond USD,DMD,DIAMOND
71,POA-USD,POANetwork USD,POA,POANETWORK
72,EMC2-USD,Einsteinium USD,EMC2,EINSTEINIUM
73,BTC2-USD,Bitcoin2 USD,BTC2,BITCOIN2
74,OBSR-USD,Observer USD,OBSR,OBSERVER
75,FO-USD,FIBOS USD,FO,FIBOS
76,WGR-USD,Wagerr USD,WGR,WAGERR
77,FLO-USD,FLO USD,FLO,FLO
78,VEX-USD,Vexanium USD,VEX,VEXANIUM
79,XMC-USD,MoneroClassic USD,XMC,MONEROCLASSIC
80,DTEP-USD,DECOIN USD,DTEP,DECOIN
81,SCC3-USD,StakeCubeCoin USD,SCC3,STAKECUBECOIN
82,BTX-USD,Bitcore USD,BTX,BITCORE
83,FTC-USD,Feathercoin USD,FTC,FEATHERCOIN
84,ACH-USD,AlchemyPay USD,ACH,ALCHEMYPAY
85,HTDF-USD,OrientWalt USD,HTDF,ORIENTWALT
86,SFT-USD,SafexToken USD,SFT,SAFEXTOKEN
87,YOYOW-USD,YOYOW USD,YOYOW,YOYOW
88,MAN-USD,MatrixAINetwork USD,MAN,MATRIXAINETWORK
89,RINGX-USD,RINGXPLATFORM USD,RINGX,RINGXPLATFORM
90,CHI-USD,Xaya USD,CHI,XAYA
91,AMB-USD,Ambrosus USD,AMB,AMBROSUS
92,XMY-USD,Myriad USD,XMY,MYRIAD
93,PI-USD,PCHAIN USD,PI,PCHAIN
94,SNGLS-USD,SingularDTV USD,SNGLS,SINGULARDTV
95,GLEEC-USD,Gleec USD,GLEEC,GLEEC
96,TERA-USD,TERA USD,TERA,TERA
97,USNBT-USD,NuBits USD,USNBT,NUBITS
98,PHR-USD,Phore USD,PHR,PHORE
99,XRC-USD,BitcoinRhodium USD,XRC,BITCOINRHODIUM
